Employee ID,Last Name,First Name,Birth Date,Phone Number,Home Address,Social Security Number
19212,WILSON,Jack,9/4/1984,(234) 193-8534,"133 E. Squaw Creek Ave, Hopewell, VA 23860",327513809
87102,ANDERSON,Oliver,2/11/1969,(606) 466-5625,"133 Windsor Dr, Winchester, VA 22601",466667105
35616,THOMAS,James,7/30/2001,(119) 810-4818,"161 South Argyle St, Tullahoma, TN 37388",958344035
57436,TAYLOR,Charlie,4/6/1988,(693) 184-8002,"166 Ashley Dr, Neenah, WI 54956",530608633
209,MOORE,Harris,3/20/1997,(536) 331-0875,"17 Woodside Ct, Concord, NH 03301",615743718
26529,JACKSON,Lewis,7/29/1966,(832) 812-2581,"172 North Manchester Rd, North Ridgeville, OH 44039",189177015
4712,MARTIN,Leo,11/9/1975,(519) 101-6318,"218 East 6th St, Nazareth, PA 18064",967078079
14903,LEE,Noah,4/26/1982,(662) 878-4714,"233 South Hill Ave, Niceville, FL 32578",946458712
15650,PEREZ,Alfie,4/13/1995,(761) 107-1945,"235 Fairfield Ave, Canton, GA 30114",400411798
19941,THOMPSON,Rory,4/4/1967,(525) 827-0559,"265 Walnut Dr, Flowery Branch, GA 30542",694729155
63239,WHITE,Olivia,6/24/1993,(463) 516-2581,"28 Winding Way St, Hartford, CT 06106",398484805
5297,HARRIS,Emily,12/29/1973,(748) 409-6820,"282 South Mulberry St, Ashburn, VA 20147",437373090
8866,SANCHEZ,Isla,11/11/1991,(437) 260-6268,"299 Addison St, Fort Dodge, IA 50501",287861213
50075,CLARK,Sophie,5/20/1973,(455) 368-7754,"35 Cobblestone Ave, Fort Mill, SC 29708",719120265
40738,RAMIREZ,Ella,3/2/1983,(290) 636-1158,"396 Johnson St, Henderson, KY 42420",867386706
224,LEWIS,Ava,4/20/2002,(354) 756-7181,"420 Jackson St, Rochester, NY 14606",559928939
56633,ROBINSON,Amelia,11/15/1969,(999) 152-7666,"44 Clinton Ct, Youngstown, OH 44512",165899111
40828,WALKER,Grace,8/8/1966,(752) 721-7119,"442 Gonzales St, Virginia Beach, VA 23451",396661279
69730,YOUNG,Freya,9/25/1966,(400) 054-5572,"465 Second Ave, Roslindale, MA 02131",283882693
9862,ALLEN,Charlotte,1/31/1976,(822) 467-8702,"483 Rockaway Ave, Ontario, CA 91762",306974622
45338,KING,Brodie,9/28/1986,(400) 416-7550,"500 Water St, Fuquay Varina, NC 27526",780702948
54309,WRIGHT,Archie,3/30/1977,(523) 739-9763,"52 Elizabeth Rd, Phillipsburg, NJ 08865",996975974
89822,SCOTT,Jacob,6/2/1978,(244) 625-0207,"52 Hudson St, Mobile, AL 36605",426295067
8348,TORRES,Finlay,2/28/2000,(574) 205-1162,"60 Annadale St, Pearl, MS 39208",968776125
71331,NGUYEN,Finn,3/7/2000,(449) 708-2717,"60 Lakewood Dr, Upland, CA 91784",976791828
46858,HILL,Joshua,5/2/1990,(407) 643-2671,"60 Meadowbrook Cir, Shrewsbury, MA 01545",545384329
3696,FLORES,Oscar,3/31/1981,(581) 206-8885,"62 Mechanic St, Sidney, OH 45365",522516253
46753,GREEN,Arthur,7/20/1993,(251) 637-8238,"64 Locust Rd, Columbia, MD 21044",809808389
59001,ADAMS,Hunter,1/20/1966,(126) 617-1427,"650 W. St Paul St, Northville, MI 48167",342495141
29797,NELSON,Ethan,4/9/2001,(609) 331-7866,"657 Deerfield St, Port Saint Lucie, FL 34952",496704422
14761,BAKER,Mason,2/2/1978,(672) 447-0248,"66 Woodsman Ave, Salem, MA 01970",883418579
48189,HALL,Harrison,3/28/1993,(935) 460-1016,"73 Wayne Dr, Saint Johns, FL 32259",445757739
51846,RIVERA,Freddie,9/7/1981,(803) 316-3879,"7669 Grove St, Santa Cruz, CA 95060",980209996
35776,CAMPBELL,Ollie,6/14/1997,(359) 302-1609,"77 North Whitemarsh St, Hamilton, OH 45011",783287724
96882,MITCHELL,Adam,11/25/1984,(356) 299-8397,"776 Lilac St, Indiana, PA 15701",480624530
48936,CARTER,William,11/11/1978,(108) 966-8351,"7910 Lantern Ave, Hanover Park, IL 60133",297090873
48460,ROBERTS,Jaxon,11/26/1997,(793) 659-5960,"7974 Coffee Ln, Lake Worth, FL 33460",176508992
86858,GOMEZ,Aaron,9/2/1966,(489) 419-3180,"8179 3rd Ave, Middletown, CT 06457",297653210
56779,PHILLIPS,Cameron,6/25/1975,(284) 843-7891,"819 Wrangler Dr, Mount Vernon, NY 10550",209043667
71295,EVANS,Liam,4/12/1977,(311) 227-2143,"82 Annadale St, Tucker, GA 30084",250682128
85215,TURNER,George,3/2/1970,(879) 099-1503,"8357 S. Lafayette Ave, Scarsdale, NY 10583",653845936
64508,DIAZ,Jamie,5/29/1966,(175) 513-0642,"8376 Smith Store Cir, Southfield, MI 48076",910521698
94196,PARKER,Callum,10/1/1967,(321) 356-7707,"87 Victoria St, Glendale Heights, IL 60139",691986132
98876,CRUZ,Matthew,8/22/2001,(764) 743-3896,"8731 Surrey Ave, Highland Park, IL 60035",901974889
98574,EDWARDS,Muhammad,6/15/1978,(485) 014-2988,"8886 San Pablo St, Chesterfield, VA 23832",831032264
47212,COLLINS,Sofia,2/26/1977,(945) 709-8379,"890 Fieldstone Dr, Palm City, FL 34990",961845278
54736,REYES,Erin,12/5/1967,(298) 545-9276,"897 Newcastle St, North Andover, MA 01845",189968755
12078,STEWART,Molly,8/10/1969,(595) 075-2938,"9 Leeton Ridge St, Eastlake, OH 44095",890943129
48030,MORRIS,Luke,12/19/1993,(835) 075-3552,"9142 Marlborough Ave, Severn, MD 21144",699597300
1091,SMITH,William,8/3/1977,(426) 838-0738,"925 Clay Dr, South Plainfield, NJ 07080",392513023
